Wednesday, March 22 ¬∑ 11am This time could not be parsed.
Tuesday, April 4 ¬∑ 5:30 This time could not be parsed.
Wednesday, April 19 ¬∑ 9am This time could not be parsed.
Wednesday, March 29 ¬∑ 6 This time could not be parsed.
Tuesday, April 18 ¬∑ 6 This time could not be parsed.
Monday, April 10 ¬∑ 9:30am This time could not be parsed.
Starts on Monday, March 20 ¬∑ 7pm EDT This time could not be parsed.
April 28 ¬∑ 9:30am This time could not be parsed.
Wednesday, March 29 ¬∑ 6 This time could not be parsed.
Tue, Mar 28, 2023 12:00 PM This time could not be parsed.
Wednesday, March 29 ¬∑ 6 This time could not be parsed.
Thursday, July 27 ¬∑ 10am This time could not be parsed.
Wednesday, April 19 ¬∑ 8am This time could not be parsed.
Tuesday, March 21 ¬∑ 9 This time could not be parsed.
Thursday, April 6 ¬∑ 6 This time could not be parsed.
Friday, April 21 ¬∑ 8am This time could not be parsed.
Thursday, March 30 ¬∑ 8am This time could not be parsed.
Friday, April 14 ¬∑ 12:30 This time could not be parsed.
Saturday, April 22 ¬∑ 11am This time could not be parsed.
Thursday, March 23 ¬∑ 5 This time could not be parsed.
Sunday, May 28 ¬∑ 4 This time could not be parsed.
Thursday, April 6 ¬∑ 7 This time could not be parsed.
Thursday, March 30 ¬∑ 9am This time could not be parsed.
Wednesday, March 22 ¬∑ 4:30 This time could not be parsed.
Saturday, April 29 ¬∑ 8:30am This time could not be parsed.
Wednesday, May 31 ¬∑ 9am This time could not be parsed.
Tuesday, May 9 ¬∑ 8:30am This time could not be parsed.
Monday, May 8 ¬∑ 8am This time could not be parsed.
Monday, March 20 ¬∑ 6:30 This time could not be parsed.
Friday, March 24 ¬∑ 6 This time could not be parsed.
Saturday, May 6 ¬∑ 9am This time could not be parsed.
Wednesday, March 29 ¬∑ 3 This time could not be parsed.
The Human Impacts Institute is a non-profit organization that inspires YOU to transform environmental challenges into social action for a just and livable world. We do this through¬†Creative Communication,¬†Learning-By-Doing, and¬†Curated Actions. This time could not be parsed.
Tuesday, November 14 ¬∑ 10am This time could not be parsed.
Sunday, March 26 ¬∑ 5 This time could not be parsed.
Monday, March 20 ¬∑ 6 This time could not be parsed.
Wednesday, March 29 ¬∑ 6:30 This time could not be parsed.
Wednesday, March 29 ¬∑ 6 This time could not be parsed.
May 17 ¬∑ 9am This time could not be parsed.
Tuesday, April 4 ¬∑ 6:30 This time could not be parsed.
March 31 ¬∑ 10pm This time could not be parsed.
Starts on Monday, May 8 ¬∑ 7:30pm EDT. Doors at 7pm This time could not be parsed.
Starts on Thursday, April 13 ¬∑ 7pm EDT This time could not be parsed.
March 25 ¬∑ 9:30pm This time could not be parsed.
Wednesday, May 10 ¬∑ 6:30 This time could not be parsed.
Wednesday, March 22 ¬∑ 7 This time could not be parsed.
Friday, March 24 ¬∑ 12 This time could not be parsed.
Wednesday, March 22 ¬∑ 3 This time could not be parsed.
Friday, April 7 ¬∑ 10:30am This time could not be parsed.
Friday, March 24 ¬∑ 1 This time could not be parsed.
Friday, March 24 ¬∑ 7 This time could not be parsed.
Friday, April 14 ¬∑ 9am This time could not be parsed.
Thursday, September 28 ¬∑ 10am This time could not be parsed.
Thursday, April 20 ¬∑ 5:30 This time could not be parsed.
Friday, June 23 ¬∑ 11am This time could not be parsed.
Friday, April 14 ¬∑ 6 This time could not be parsed.
Thursday, April 6 ¬∑ 12:30 This time could not be parsed.
Friday, April 21 ¬∑ 12:30 This time could not be parsed.
Wednesday, April 5 ¬∑ 7 This time could not be parsed.
Tuesday, September 26 ¬∑ 10am This time could not be parsed.
March 23 ¬∑ 9pm This time could not be parsed.
Monday, June 5 ¬∑ 6:30 This time could not be parsed.
Monday, April 24 ¬∑ 5:30 This time could not be parsed.
Tuesday, March 21 ¬∑ 3 This time could not be parsed.
March 29 ¬∑ 9am This time could not be parsed.
Thursday, March 30 ¬∑ 5 This time could not be parsed.
Monday, September 25 ¬∑ 10am This time could not be parsed.
Thursday, March 23 ¬∑ 2 This time could not be parsed.
Friday, September 29 ¬∑ 10am This time could not be parsed.
Thursday, March 23 ¬∑ 1:15 This time could not be parsed.
Saturday, March 25 ¬∑ 10:45 This time could not be parsed.
Tuesday, April 11 ¬∑ 12:30 This time could not be parsed.
Starts on Thursday, March 30 ¬∑ 3:30pm EDT This time could not be parsed.
Thursday, March 23 ¬∑ 1 This time could not be parsed.
Wednesday, April 26 ¬∑ 8am This time could not be parsed.
Wed, 26 Apr 2023 08:30 This time could not be parsed.
Wednesday, September 27 ¬∑ 10am This time could not be parsed.
Wednesday, March 22 ¬∑ 6:30 This time could not be parsed.
Friday, May 12 ¬∑ 5 This time could not be parsed.
April 27 ¬∑ 9am This time could not be parsed.
Tuesday, March 21 ¬∑ 6 This time could not be parsed.
Thursday, April 27 ¬∑ 9am This time could not be parsed.
Wednesday, April 19 ¬∑ 6:30 This time could not be parsed.
Saturday, April 8 ¬∑ 1 This time could not be parsed.
Saturday, April 1 ¬∑ 6 This time could not be parsed.
September 19 ¬∑ 8:30am This time could not be parsed.
Thursday, March 30 ¬∑ 3 This time could not be parsed.
Friday, April 21 ¬∑ 12 This time could not be parsed.
Monday, March 27 ¬∑ 6:30 This time could not be parsed.
Wednesday, April 26 ¬∑ 6 This time could not be parsed.
Sunday, March 26 ¬∑ 1:30 This time could not be parsed.
Thursday, March 23 ¬∑ 8:30am This time could not be parsed.
Tuesday, March 21 ¬∑ 3 This time could not be parsed.
Thursday, March 30 ¬∑ 6 This time could not be parsed.
Thursday, March 23 ¬∑ 6 This time could not be parsed.
Thursday, April 27 ¬∑ 8:45am This time could not be parsed.
Thursday, March 23 ¬∑ 6 This time could not be parsed.
Starts on Thursday, March 23 ¬∑ 6pm EDT This time could not be parsed.
Thursday, March 23 ¬∑ 6 This time could not be parsed.
April 1 ¬∑ 10pm This time could not be parsed.
