Wednesday, March 22 ¬∑ 11am
Tuesday, April 4 ¬∑ 5:30
Wednesday, April 19 ¬∑ 9am
Wednesday, March 29 ¬∑ 6
Tuesday, April 18 ¬∑ 6
Monday, April 10 ¬∑ 9:30am
Starts on Monday, March 20 ¬∑ 7pm EDT
April 28 ¬∑ 9:30am
Wednesday, March 29 ¬∑ 6
Tue, Mar 28, 2023 12:00 PM
Wednesday, March 29 ¬∑ 6
Thursday, July 27 ¬∑ 10am
Wednesday, April 19 ¬∑ 8am
Tuesday, March 21 ¬∑ 9
Thursday, April 6 ¬∑ 6
Friday, April 21 ¬∑ 8am
Thursday, March 30 ¬∑ 8am
Friday, April 14 ¬∑ 12:30
Saturday, April 22 ¬∑ 11am
Thursday, March 23 ¬∑ 5
Sunday, May 28 ¬∑ 4
Thursday, April 6 ¬∑ 7
Thursday, March 30 ¬∑ 9am
Wednesday, March 22 ¬∑ 4:30
Saturday, April 29 ¬∑ 8:30am
Wednesday, May 31 ¬∑ 9am
Tuesday, May 9 ¬∑ 8:30am
Monday, May 8 ¬∑ 8am
Monday, March 20 ¬∑ 6:30
Friday, March 24 ¬∑ 6
Saturday, May 6 ¬∑ 9am
Wednesday, March 29 ¬∑ 3
The Human Impacts Institute is a non-profit organization that inspires YOU to transform environmental challenges into social action for a just and livable world. We do this through¬†Creative Communication,¬†Learning-By-Doing, and¬†Curated Actions.
Tuesday, November 14 ¬∑ 10am
Sunday, March 26 ¬∑ 5
Monday, March 20 ¬∑ 6
Wednesday, March 29 ¬∑ 6:30
Wednesday, March 29 ¬∑ 6
May 17 ¬∑ 9am
Tuesday, April 4 ¬∑ 6:30
March 31 ¬∑ 10pm
Starts on Monday, May 8 ¬∑ 7:30pm EDT. Doors at 7pm
Starts on Thursday, April 13 ¬∑ 7pm EDT
March 25 ¬∑ 9:30pm
Wednesday, May 10 ¬∑ 6:30
Wednesday, March 22 ¬∑ 7
Friday, March 24 ¬∑ 12
Wednesday, March 22 ¬∑ 3
Friday, April 7 ¬∑ 10:30am
Friday, March 24 ¬∑ 1
Friday, March 24 ¬∑ 7
Friday, April 14 ¬∑ 9am
Thursday, September 28 ¬∑ 10am
Thursday, April 20 ¬∑ 5:30
Friday, June 23 ¬∑ 11am
Friday, April 14 ¬∑ 6
Thursday, April 6 ¬∑ 12:30
Friday, April 21 ¬∑ 12:30
Wednesday, April 5 ¬∑ 7
Tuesday, September 26 ¬∑ 10am
March 23 ¬∑ 9pm
Monday, June 5 ¬∑ 6:30
Monday, April 24 ¬∑ 5:30
Tuesday, March 21 ¬∑ 3
March 29 ¬∑ 9am
Thursday, March 30 ¬∑ 5
Monday, September 25 ¬∑ 10am
Thursday, March 23 ¬∑ 2
Friday, September 29 ¬∑ 10am
Thursday, March 23 ¬∑ 1:15
Saturday, March 25 ¬∑ 10:45
Tuesday, April 11 ¬∑ 12:30
Starts on Thursday, March 30 ¬∑ 3:30pm EDT
Thursday, March 23 ¬∑ 1
Wednesday, April 26 ¬∑ 8am
Wed, 26 Apr 2023 08:30
Wednesday, September 27 ¬∑ 10am
Wednesday, March 22 ¬∑ 6:30
Friday, May 12 ¬∑ 5
April 27 ¬∑ 9am
Tuesday, March 21 ¬∑ 6
Thursday, April 27 ¬∑ 9am
Wednesday, April 19 ¬∑ 6:30
Saturday, April 8 ¬∑ 1
Saturday, April 1 ¬∑ 6
September 19 ¬∑ 8:30am
Thursday, March 30 ¬∑ 3
Friday, April 21 ¬∑ 12
Monday, March 27 ¬∑ 6:30
Wednesday, April 26 ¬∑ 6
Sunday, March 26 ¬∑ 1:30
Thursday, March 23 ¬∑ 8:30am
Tuesday, March 21 ¬∑ 3
Thursday, March 30 ¬∑ 6
Thursday, March 23 ¬∑ 6
Thursday, April 27 ¬∑ 8:45am
Thursday, March 23 ¬∑ 6
Starts on Thursday, March 23 ¬∑ 6pm EDT
Thursday, March 23 ¬∑ 6
April 1 ¬∑ 10pm
