Start Time,End Time
Date and Time,
"Wednesday, March 22 · 11am",12:15pm EDT
"Tuesday, April 4 · 5:30",9pm EDT
"Wednesday, April 19 · 9am",3pm EDT
"Wednesday, March 29 · 6",8pm EDT
"Tuesday, April 18 · 6",8pm EDT
"Monday, April 10 · 9:30am",6:30pm EDT
"Starts on Monday, March 20 · 7pm EDT",
April 28 · 9:30am,April 29 · 12:30pm EDT
"Wednesday, March 29 · 6",8pm EDT
"Tue, Mar 28, 2023 12:00 PM",1:00 PM EDT
"Wednesday, March 29 · 6",9pm EDT
"Thursday, July 27 · 10am",12pm EDT
"Wednesday, April 19 · 8am",5pm EDT
"Tuesday, March 21 · 9",11:30am EDT
"Thursday, April 6 · 6",7:30pm EDT
"Friday, April 21 · 8am",6pm EDT
"Thursday, March 30 · 8am",5pm EDT
"Friday, April 14 · 12:30",1:30pm EDT
"Saturday, April 22 · 11am",4pm EDT
"Thursday, March 23 · 5",6:15pm EDT
"Sunday, May 28 · 4",10pm EDT
"Thursday, April 6 · 7",8:15pm EDT
"Thursday, March 30 · 9am",6pm EDT
"Wednesday, March 22 · 4:30",6pm EDT
"Saturday, April 29 · 8:30am",3:30pm EDT
"Wednesday, May 31 · 9am",5pm EDT
"Tuesday, May 9 · 8:30am",3:30pm EDT
"Monday, May 8 · 8am",6pm EDT
"Monday, March 20 · 6:30",8:30pm EDT
"Friday, March 24 · 6",8pm EDT
"Saturday, May 6 · 9am",6pm EDT
,
"Wednesday, March 29 · 3",8pm EDT
"The Human Impacts Institute is a non-profit organization that inspires YOU to transform environmental challenges into social action for a just and livable world. We do this through Creative Communication, Learning-By-Doing, and Curated Actions.",
"Tuesday, November 14 · 10am",7pm EST
"Sunday, March 26 · 5",9pm EDT
"Monday, March 20 · 6",7pm EDT
"Wednesday, March 29 · 6:30",9:30pm EDT
"Wednesday, March 29 · 6",8:30pm EDT
May 17 · 9am,May 18 · 11pm EDT
"Tuesday, April 4 · 6:30",7:45pm EDT
March 31 · 10pm,April 1 · 4am EDT
"Starts on Monday, May 8 · 7:30pm EDT. Doors at 7pm",
"Starts on Thursday, April 13 · 7pm EDT",
March 25 · 9:30pm,March 26 · 10:30am EDT
"Wednesday, May 10 · 6:30",7:45pm EDT
"Wednesday, March 22 · 7",9pm EDT
"Friday, March 24 · 12",1pm EDT
"Wednesday, March 22 · 3",4:30pm EDT
"Friday, April 7 · 10:30am",4:30pm EDT
"Friday, March 24 · 1",6pm EDT
"Friday, March 24 · 7",9pm EDT
"Friday, April 14 · 9am",4pm EDT
"Thursday, September 28 · 10am",12pm EDT
"Thursday, April 20 · 5:30",8:30pm EDT
"Friday, June 23 · 11am",3pm EDT
"Friday, April 14 · 6",9pm EDT
"Thursday, April 6 · 12:30",3pm EDT
"Friday, April 21 · 12:30",1:30pm EDT
,
"Wednesday, April 5 · 7",10pm EDT
"Tuesday, September 26 · 10am",1pm EDT
March 23 · 9pm,March 24 · 12am EDT
,
"Monday, June 5 · 6:30",8:30pm EDT
"Monday, April 24 · 5:30",9pm EDT
"Tuesday, March 21 · 3",7pm EDT
March 29 · 9am,March 30 · 5pm EDT
"Thursday, March 30 · 5",6:30pm EDT
"Monday, September 25 · 10am",12pm EDT
"Thursday, March 23 · 2",6:30pm EDT
"Friday, September 29 · 10am",1pm EDT
"Thursday, March 23 · 1:15",2:30pm EDT
"Saturday, March 25 · 10:45",11:45am EDT
"Tuesday, April 11 · 12:30",1:30pm EDT
"Starts on Thursday, March 30 · 3:30pm EDT",
"Thursday, March 23 · 1",2pm EDT
"Wednesday, April 26 · 8am",5pm EDT
"Wed, 26 Apr 2023 08:30","Thu, 27 Apr 2023 13:30 EDT"
"Wednesday, September 27 · 10am",12pm EDT
"Wednesday, March 22 · 6:30",8:30pm EDT
"Friday, May 12 · 5",7pm EDT
April 27 · 9am,April 28 · 4pm EDT
"Tuesday, March 21 · 6",9pm EDT
"Thursday, April 27 · 9am",12pm EDT
"Wednesday, April 19 · 6:30",9:30pm EDT
"Saturday, April 8 · 1",3pm EDT
"Saturday, April 1 · 6",8:30pm EDT
September 19 · 8:30am,September 21 · 5:30pm EDT
"Thursday, March 30 · 3",7pm EDT
"Friday, April 21 · 12",3pm EDT
"Monday, March 27 · 6:30",8:30pm EDT
"Wednesday, April 26 · 6",8:30pm EDT
"Sunday, March 26 · 1:30",4:30pm EDT
"Thursday, March 23 · 8:30am",12pm EDT
"Tuesday, March 21 · 3",5pm EDT
"Thursday, March 30 · 6",9pm EDT
"Thursday, March 23 · 6",8:30pm EDT
"Thursday, April 27 · 8:45am",5:30pm EDT
,
,
"Thursday, March 23 · 6",9pm EDT
"Starts on Thursday, March 23 · 6pm EDT",
"Thursday, March 23 · 6",8pm EDT
April 1 · 10pm,April 2 · 4am EDT